<?xml version="1.0" encoding="utf-8" standalone="yes"?>
<rss version="2.0" xmlns:atom="http://www.w3.org/2005/Atom">
  <channel>
    <title>Categories on IP Spark</title>
    <link>/categories/</link>
    <description>Recent content in Categories on IP Spark</description>
    <generator>Hugo -- gohugo.io</generator>
    <language>en-us</language>
    
	<atom:link href="/categories/index.xml" rel="self" type="application/rss+xml" />
    
    
    
    <item>
      <title>AI-Generated Content. Who Owns the Copyright?</title>
      <link>/posts/ai-generated-content/</link>
      <pubDate>Wed, 22 Jan 2025 00:00:00 +0000</pubDate>
      
      <guid>/posts/ai-generated-content/</guid>
      <description>&lt;p&gt;The rise of artificial intelligence (AI) is revolutionizing the creative landscape. From generating stunning visuals to composing compelling music and writing captivating stories, AI tools are empowering individuals and businesses to produce content in ways never before imagined. However, this technological leap has also ushered in a new era of complex legal questions, particularly surrounding copyright ownership. When AI generates a piece of art, music, or literature, who owns the copyright? Is it the AI developer, the user who provides the prompts, or no one at all? This article delves into this intricate legal puzzle, exploring the current legal framework, the challenges posed by AI-generated content, and the potential future of copyright in the age of intelligent machines.&lt;/p&gt;
&lt;h3 id=&#34;the-traditional-notion-of-authorship-and-copyright&#34;&gt;The Traditional Notion of Authorship and Copyright&lt;/h3&gt;
&lt;p&gt;Copyright law, as it has traditionally been understood, is deeply rooted in the concept of human authorship. It grants exclusive rights to the creators of original works of authorship, providing them with legal protection and control over their creations. These rights include the right to reproduce, distribute, display, perform, and create derivative works based on the original creation. This framework has served well in protecting the rights of human artists, writers, musicians, and other creators for centuries.&lt;/p&gt;
&lt;p&gt;However, the emergence of AI challenges this traditional notion. AI systems, trained on vast amounts of data, can now generate creative content with minimal human intervention. This raises fundamental questions about the applicability of existing copyright laws to AI-generated works. Can a machine be considered an &amp;ldquo;author&amp;rdquo; in the legal sense? If not, who, if anyone, can claim ownership of the creative output produced by AI?&lt;/p&gt;
&lt;h3 id=&#34;the-current-legal-landscape-a-patchwork-of-uncertainty&#34;&gt;The Current Legal Landscape: A Patchwork of Uncertainty&lt;/h3&gt;
&lt;p&gt;The legal landscape surrounding AI-generated content is currently a patchwork of uncertainty, with different jurisdictions adopting varying approaches. In the United States, the Copyright Office has taken a firm stance that copyright protection is limited to works created by human authors. This means that works generated solely by AI, without any human creative input, are not eligible for copyright protection. This position was recently reaffirmed in a case involving a graphic novel, &amp;ldquo;Zarya of the Dawn,&amp;rdquo; where the Copyright Office initially granted protection but later revoked it for the AI-generated images in the book.&lt;/p&gt;
&lt;p&gt;However, the Copyright Office does allow for copyright protection of works that involve a combination of human and AI contributions. In such cases, the human author can claim copyright protection for the elements of the work that are the result of their own original creative input. This distinction highlights the importance of human authorship in the current legal framework.&lt;/p&gt;
&lt;p&gt;The European Union has adopted a slightly different approach, recognizing the possibility of copyright protection for &amp;ldquo;computer-generated works.&amp;rdquo; However, this protection is limited to works where the authorship can be attributed to a natural person who has made creative choices in the creation of the work. This approach, while acknowledging the role of AI in content creation, still emphasizes the importance of human involvement in the creative process.&lt;/p&gt;
&lt;h3 id=&#34;the-challenges-of-defining-authorship-in-the-age-of-ai&#34;&gt;The Challenges of Defining Authorship in the Age of AI&lt;/h3&gt;
&lt;p&gt;One of the central challenges in applying copyright law to AI-generated content lies in defining authorship. Traditional copyright law is built on the idea of a human creator who exercises creative control and makes original choices in the creation of a work. However, with AI, the lines of authorship become blurred. While a human user may provide initial prompts or parameters, the AI system ultimately generates the content based on its training data and algorithms.&lt;/p&gt;
&lt;p&gt;This raises questions about the level of human input required to claim authorship. Is simply providing a prompt sufficient to establish authorship? Or does the human need to exercise more significant creative control over the AI&amp;rsquo;s output? These are complex questions that courts and legal scholars are grappling with as AI technology continues to evolve.&lt;/p&gt;
&lt;p&gt;Another challenge lies in the nature of AI itself. AI systems are trained on vast amounts of data, often including copyrighted works. This raises concerns about potential copyright infringement by AI systems and the extent to which AI-generated content may be considered derivative works based on the training data.&lt;/p&gt;
&lt;h3 id=&#34;the-potential-impact-on-creativity-and-innovation&#34;&gt;The Potential Impact on Creativity and Innovation&lt;/h3&gt;
&lt;p&gt;The uncertainty surrounding copyright ownership of AI-generated content has significant implications for creativity and innovation. On the one hand, the lack of clear legal protection may discourage investment in AI development and hinder the adoption of AI tools by creators. If creators are unsure whether they can own and control the output of their AI collaborations, they may be less likely to utilize these powerful tools.&lt;/p&gt;
&lt;p&gt;On the other hand, excessive copyright protection for AI-generated content could stifle innovation and limit the potential of AI to democratize creativity. If large corporations or AI developers are able to claim ownership of vast amounts of AI-generated content, it could create barriers to entry for smaller creators and limit the diversity of creative expression.&lt;/p&gt;
&lt;h3 id=&#34;navigating-the-future-of-copyright-and-ai&#34;&gt;Navigating the Future of Copyright and AI&lt;/h3&gt;
&lt;p&gt;The future of copyright in the age of AI is likely to be shaped by a combination of legal developments, technological advancements, and societal values. As AI technology continues to evolve, legal frameworks will need to adapt to address the unique challenges posed by AI-generated content. This may involve revisiting traditional notions of authorship, exploring new forms of intellectual property protection, and developing ethical guidelines for the use of AI in creative endeavors.&lt;/p&gt;
&lt;p&gt;One potential approach is to recognize a form of &amp;ldquo;joint authorship&amp;rdquo; between humans and AI systems, acknowledging the contributions of both in the creative process. This could involve establishing clear criteria for determining the level of human input required to claim co-authorship and developing mechanisms for sharing ownership and control of AI-generated works.&lt;/p&gt;
&lt;p&gt;Another possibility is to create a new sui generis form of intellectual property protection specifically for AI-generated content. This could provide a more tailored approach to protecting the unique characteristics of AI-generated works while balancing the interests of creators, developers, and the public.&lt;/p&gt;
&lt;p&gt;Ultimately, the future of copyright and AI will depend on finding a balance between protecting the rights of creators, fostering innovation, and ensuring access to and enjoyment of creative works in the digital age.&lt;/p&gt;
&lt;h3 id=&#34;practical-considerations-for-creators-and-businesses&#34;&gt;Practical Considerations for Creators and Businesses&lt;/h3&gt;
&lt;p&gt;In this evolving legal landscape, creators and businesses utilizing AI tools should consider the following practical steps to protect their interests:&lt;/p&gt;
&lt;ul&gt;
&lt;li&gt;&lt;strong&gt;Document human involvement:&lt;/strong&gt; Keep detailed records of the creative process, including the prompts provided to the AI, the modifications made to the AI&amp;rsquo;s output, and any other human creative contributions.&lt;/li&gt;
&lt;li&gt;&lt;strong&gt;Consult with legal experts:&lt;/strong&gt; Seek advice from intellectual property lawyers specializing in AI to understand the current legal framework and navigate the complexities of copyright ownership.&lt;/li&gt;
&lt;li&gt;&lt;strong&gt;Consider contractual agreements:&lt;/strong&gt; When collaborating with others on AI-generated projects, establish clear contractual agreements regarding ownership, licensing, and use of the creative output.&lt;/li&gt;
&lt;li&gt;&lt;strong&gt;Stay informed:&lt;/strong&gt; Keep abreast of legal developments and emerging best practices in the field of AI and copyright.&lt;/li&gt;
&lt;/ul&gt;
&lt;p&gt;By taking these proactive steps, creators and businesses can navigate the uncertainties of the current legal landscape and position themselves for success in the exciting new era of AI-generated content.&lt;/p&gt;
</description>
    </item>
    
    
    
    <item>
      <title>Business Strategy in the Knowledge Economy</title>
      <link>/posts/business-strategy/</link>
      <pubDate>Wed, 22 Jan 2025 00:00:00 +0000</pubDate>
      
      <guid>/posts/business-strategy/</guid>
      <description>&lt;p&gt;The knowledge economy demands a new approach to business strategy. This analysis examines how companies can leverage intellectual assets and knowledge management for strategic advantage.\n\nKey topics include:\n- Identifying and valuing knowledge assets\n- Creating knowledge-based competitive advantages\n- Strategic alignment of IP and business goals\n- Building learning organizations\n\nUnderstand how successful companies are adapting their strategies to thrive in the knowledge-driven marketplace.&lt;/p&gt;
</description>
    </item>
    
    
    
    <item>
      <title>Knowledge Management Systems A Strategic Approach</title>
      <link>/posts/knowledge-management-system/</link>
      <pubDate>Wed, 22 Jan 2025 00:00:00 +0000</pubDate>
      
      <guid>/posts/knowledge-management-system/</guid>
      <description>&lt;p&gt;Effective knowledge management is a cornerstone of modern business success. This article delves into building robust knowledge management systems that drive organizational growth.\n\nWe&amp;rsquo;ll explore:\n- Designing knowledge repositories\n- Implementation of knowledge sharing platforms\n- Best practices for knowledge retention\n- Measuring knowledge management ROI\n\nLearn how leading organizations are leveraging knowledge management to create sustainable competitive advantages.&lt;/p&gt;
</description>
    </item>
    
    
    
    <item>
      <title>Intellectual Property Strategy in the Digital Age</title>
      <link>/posts/ip-strategy-digital-age/</link>
      <pubDate>Wed, 01 Dec 2021 22:50:26 +0000</pubDate>
      
      <guid>/posts/ip-strategy-digital-age/</guid>
      <description>&lt;p&gt;In today&amp;rsquo;s rapidly evolving digital landscape, protecting intellectual property has become more crucial than ever. This comprehensive guide explores modern IP protection strategies and their impact on business growth.&lt;/p&gt;
&lt;p&gt;Key areas we&amp;rsquo;ll cover:&lt;/p&gt;
&lt;ul&gt;
&lt;li&gt;Digital IP protection mechanisms&lt;/li&gt;
&lt;li&gt;Patent strategy in technology sectors&lt;/li&gt;
&lt;li&gt;Trademark considerations for global markets&lt;/li&gt;
&lt;li&gt;Copyright protection in the digital era\n\nUnderstanding these elements is crucial for any business looking to protect its innovations and maintain competitive advantage in the market.&lt;/li&gt;
&lt;/ul&gt;
</description>
    </item>
    
    
    
    
  </channel>
</rss>
